time,low,high,open,close,volume
2022-01-02,41066.46,42257.24,42013.43,41650.43,573.80727681
2022-01-03,40482.74,41923.25,41635.86,41123.69,736.9088918
2022-01-04,40370.71,42100.0,41123.26,40636.22,956.14138327
2022-01-05,37600.0,41631.74,40623.36,38447.98,2113.02616651
2022-01-06,37550.0,38736.03,38449.22,38174.53,1939.32278821
2022-01-07,35866.0,38220.5,38165.14,36586.38,2608.67848714
2022-01-08,35709.3,37345.77,36592.33,36746.91,1407.3356894
2022-01-09,36319.42,37756.55,36742.58,36902.73,949.64750442
2022-01-10,35123.6,37281.18,36892.72,36938.15,2075.77247264
2022-01-11,36477.87,38600.0,36927.18,37633.94,1695.83844264
2022-01-12,37370.0,38766.5,37635.63,38430.94,1401.97668782
2022-01-13,36942.13,38741.98,38426.99,37168.71,1594.30191792
2022-01-14,36486.83,38100.0,37172.99,37770.9,1299.64238157
2022-01-15,37384.38,38439.95,37760.26,37784.14,548.42923735
2022-01-16,37386.21,38127.23,37785.07,37786.0,431.26834582
2022-01-17,36445.56,37887.45,37779.52,37005.0,1031.9323323
2022-01-18,36350.02,37717.88,37008.08,37419.14,1174.61873418
2022-01-19,36305.68,37573.97,37411.86,36750.72,1317.0969915
2022-01-20,35867.22,38380.0,36751.59,35978.0,1448.16432391
2022-01-21,31284.87,36397.32,35980.09,32178.61,4369.23306751
2022-01-22,29975.0,32497.24,32168.51,30970.98,3474.78015919
2022-01-23,30546.36,32230.6,30969.36,32017.61,2708.7481403
2022-01-24,29159.91,33229.33,32004.55,32413.98,4897.28901872
2022-01-25,31557.59,33300.0,32419.19,32714.15,2424.40751325
2022-01-26,32267.0,34561.29,32744.53,32791.59,3055.92721327
2022-01-27,31663.0,33438.67,32786.11,33374.57,2105.62239139
2022-01-28,32501.15,34130.63,33360.95,33868.07,1669.9562902
2022-01-29,33546.17,34791.42,33853.81,34306.43,926.14144502
2022-01-30,33553.34,34482.0,34303.82,34000.72,762.05815582
2022-01-31,32856.6,34528.1,33999.18,34268.87,1705.58237481
2022-02-01,33777.0,34969.97,34271.01,34356.88,1781.33051095
2022-02-02,32400.0,34517.36,34358.19,32675.59,1360.6452789
2022-02-03,31745.01,32903.98,32684.12,32648.17,1205.34299916
2022-02-04,32374.16,36461.21,32645.34,36320.01,1896.15162855
2022-02-05,35755.32,36663.56,36321.83,36191.79,853.91499304
2022-02-06,35978.96,37285.99,36202.59,37034.72,614.76149254
2022-02-07,36383.42,39052.73,37034.61,38349.25,1931.96451756
2022-02-08,37383.83,39892.07,38350.69,38623.26,2266.58346866
2022-02-09,37775.52,39295.2,38625.7,38896.29,1412.58520546
2022-02-10,37921.83,39945.0,38895.34,38151.24,2212.98893296
2022-02-11,36963.0,38620.66,38160.44,37342.71,1370.91612771
2022-02-12,36810.24,37964.89,37341.02,37249.53,790.36235661
2022-02-13,36906.69,37721.89,37251.06,37017.31,744.21087212
2022-02-14,36592.31,37912.19,37021.15,37631.31,1658.3267506
2022-02-15,37533.02,39437.19,37641.48,39268.04,1471.21145701
2022-02-16,38134.23,39281.19,39272.75,38581.22,1288.95574698
2022-02-17,35250.0,38856.21,38573.07,35675.49,2091.87851659
2022-02-18,34830.0,36071.69,35673.95,35329.69,1502.91193706
2022-02-19,35012.59,35773.91,35322.06,35421.18,455.99640015
2022-02-20,33517.91,35457.61,35422.1,33925.28,1114.50603252
2022-02-21,32503.14,34778.76,33925.95,32735.94,1932.86579903
2022-02-22,32174.48,33941.17,32731.8,33773.65,2029.98282482
2022-02-23,32810.0,34635.5,33782.24,32960.79,1943.1313895
2022-02-24,30544.21,35500.09,32961.93,34270.4,3887.96981124
2022-02-25,34027.83,35390.11,34259.47,34800.81,1571.43681305
2022-02-26,34285.71,35738.66,34793.9,34748.08,779.66313706
2022-02-27,33147.86,35383.69,34742.47,33728.38,1222.46802885
2022-02-28,33496.6,39390.45,33723.57,38492.91,2218.40217852
2022-03-01,38300.0,40299.99,38502.12,39930.2,2096.21846585
2022-03-02,38978.14,40897.14,39925.7,39519.83,1613.60831501
2022-03-03,37780.05,39808.27,39522.31,38381.96,1432.69986087
2022-03-04,35303.59,38441.67,38375.72,35838.67,1789.4463334
2022-03-05,35326.53,36308.0,35840.89,36072.9,581.15385536
2022-03-06,34889.73,36350.0,36067.92,35347.63,878.84413786
2022-03-07,34264.76,36399.75,35336.49,34997.42,1806.28632759
2022-03-08,34875.23,36011.0,34979.05,35568.87,1880.34683005
2022-03-09,35482.52,38800.0,35561.77,37890.0,2498.12597351
2022-03-10,34880.0,38039.75,37897.06,35824.79,2558.51361094
2022-03-11,34795.3,36551.39,35815.01,35517.44,1806.59625097
2022-03-12,35448.08,36170.06,35518.49,35602.31,750.82829006
2022-03-13,34400.0,36061.88,35596.22,34578.44,777.69497962
2022-03-14,34405.0,36482.35,34568.5,36268.74,1622.29953377
2022-03-15,34770.1,36431.83,36267.07,35831.74,1224.89865022
2022-03-16,35415.99,37999.97,35822.47,37305.2,2804.29799688
2022-03-17,36455.84,37599.56,37306.2,36893.49,1403.04002567
2022-03-18,36280.03,38311.0,36881.3,37776.44,1332.28152689
2022-03-19,37569.62,38359.49,37784.42,38182.47,586.93649303
2022-03-20,36966.39,38258.75,38171.27,37361.19,797.85673053
2022-03-21,36622.25,37672.21,37390.94,37215.21,1026.58557676
2022-03-22,37150.0,39412.8,37221.99,38424.58,1376.78321337
2022-03-23,37883.78,39096.31,38420.63,38967.69,1120.94052005
2022-03-24,38830.33,40256.89,38967.37,39970.56,1251.66308097
2022-03-25,39572.82,40950.0,39965.38,40364.92,1094.69970777
2022-03-26,40150.6,40800.0,40379.5,40545.21,352.99883908
2022-03-27,40478.13,42750.0,40554.32,42638.75,714.74811515
2022-03-28,42483.2,43907.53,42625.0,42879.02,1111.35631372
2022-03-29,42331.36,43476.81,42869.45,42788.5,929.14781281
2022-03-30,41910.0,42862.24,42786.58,42128.69,887.73670653
2022-03-31,40815.02,42905.94,42128.69,41110.59,1383.25281472
2022-04-01,39980.0,42351.54,41116.93,41886.35,1370.23961092
2022-04-02,41313.0,42726.68,41852.74,41495.35,612.01284086
2022-04-03,41260.0,42975.0,41511.95,42040.49,647.45659655
2022-04-04,41171.17,42722.0,42040.49,42449.67,922.23804698
2022-04-05,41600.0,43048.87,42436.27,41733.59,1426.06399129
2022-04-06,39576.91,41840.82,41733.63,39619.7,2390.924918
2022-04-07,39216.32,40281.98,39613.03,39993.01,1350.54402595
2022-04-08,38731.31,40481.85,39993.01,38859.54,997.34944005
2022-04-09,38745.0,39406.54,38859.54,39361.66,243.40849927
2022-04-10,38473.41,39874.0,39376.64,38730.31,601.46193554
2022-04-11,36000.0,38951.83,38700.0,36344.2,1610.88919249
2022-04-12,36150.0,37475.19,36335.06,37030.41,1392.96546258
2022-04-13,36583.54,38184.58,37028.86,37773.94,1105.67535908
2022-04-14,36537.07,38177.05,37774.77,36928.56,1148.94659544
2022-04-15,36785.09,37783.12,36930.3,37522.02,427.07816147
2022-04-16,37027.58,37673.0,37525.0,37385.39,317.2569817
2022-04-17,36570.99,37595.0,37388.62,36690.0,379.5173611
2022-04-18,35739.46,38125.0,36695.89,37859.16,974.09460278
2022-04-19,37590.0,38730.08,37864.49,38450.75,504.57933264
2022-04-20,37708.88,38978.44,38439.82,38104.41,945.82637768
2022-04-21,36725.41,39478.6,38109.31,37363.36,1572.78575938
2022-04-22,36322.6,37759.43,37369.97,36777.83,1248.352924
2022-04-23,36415.06,37093.24,36788.63,36572.04,373.80731165
2022-04-24,36112.5,37022.58,36586.22,36527.35,735.04432053
2022-04-25,35566.0,37919.45,36515.86,37749.44,1894.45747496
2022-04-26,35438.0,38188.19,37750.12,35822.55,2056.64713746
2022-04-27,35612.2,37406.97,35827.54,37164.08,2271.39053042
2022-04-28,36996.38,38463.15,37169.16,37835.52,1707.15648595
2022-04-29,36190.0,37917.9,37836.92,36618.88,2018.19812684
2022-04-30,35691.42,36805.69,36620.56,35732.82,652.96538888
2022-05-01,35502.0,36692.38,35730.0,36503.06,597.70003872
2022-05-02,36245.55,37240.64,36521.81,36645.99,1209.08208772
2022-05-03,35652.4,36769.93,36634.46,35849.22,680.99383998
2022-05-04,35774.41,37732.3,35846.49,37368.14,1417.32934125
2022-05-05,33816.42,37524.64,37361.07,34658.36,1590.2961858
2022-05-06,33358.67,34783.86,34668.5,34138.05,1584.91487185
2022-05-07,33000.0,34266.98,34141.92,33632.25,525.89756653
2022-05-08,31979.0,33665.68,33631.12,32315.47,1087.90208214
2022-05-09,28403.39,32534.8,32330.2,28490.66,3055.75767607
2022-05-10,28153.09,30931.22,28464.72,29447.84,3261.96476313
2022-05-11,26370.0,30431.84,29444.22,27586.54,4126.18152075
2022-05-12,24226.3,28748.16,27581.39,27857.42,3755.33794503
2022-05-13,27600.73,29846.18,27834.22,28111.06,2336.14569373
2022-05-14,27487.33,29113.35,28132.75,28878.08,1349.2824784
2022-05-15,28309.44,30197.76,28876.42,30083.2,947.13722082
2022-05-16,27887.64,30096.5,30087.24,28577.6,1511.58180996
2022-05-17,27941.71,29320.54,28578.84,28848.36,1125.87160525
2022-05-18,27321.87,29060.12,28836.21,27370.75,1312.67015756
2022-05-19,27328.8,28808.57,27388.62,28615.56,1144.83654565
2022-05-20,27195.43,29029.56,28600.0,27616.02,892.33362728
2022-05-21,27382.42,28046.66,27623.38,27819.37,497.68725077
2022-05-22,27657.97,28803.02,27820.62,28621.39,628.78278847
2022-05-23,27011.0,28873.89,28612.11,27229.13,1119.18687432
2022-05-24,26687.71,27771.32,27215.64,27591.38,1256.07038307
2022-05-25,27500.0,28178.0,27596.98,27602.62,835.85021718
2022-05-26,26166.01,27913.73,27603.08,27173.04,1306.27907992
2022-05-27,26348.56,27345.39,27168.61,26642.25,1102.13481931
2022-05-28,26554.03,27243.33,26640.74,27022.22,314.56082075
2022-05-29,26846.0,27550.0,27025.19,27443.11,338.76222348
2022-05-30,27280.01,29835.88,27448.01,29438.29,1673.08741195
2022-05-31,29145.51,30171.06,29438.09,29603.53,1816.31954868
2022-06-01,27511.72,29789.58,29607.62,27968.79,1837.20234323
2022-06-02,27628.4,28532.49,27966.39,28308.91,1296.67113304
2022-06-03,27285.0,28518.02,28320.6,27709.28,1323.25548117
2022-06-04,27503.88,27966.87,27715.29,27852.84,290.11318724
2022-06-05,27550.0,28144.93,27854.76,27873.79,387.08144686
2022-06-06,27849.4,29659.79,27874.36,29315.32,1222.02413867
2022-06-07,27332.33,29464.6,29305.25,29065.83,1480.81027844
2022-06-08,27905.56,29249.55,29071.32,28180.23,742.29906546
2022-06-09,27887.64,28621.73,28181.89,28327.87,681.02138517
2022-06-10,27420.0,28539.99,28329.2,27634.08,1070.55512422
2022-06-11,26737.75,27971.77,27636.41,27013.37,468.49603014
2022-06-12,25277.43,27129.38,27027.74,25325.01,847.08609527
2022-06-13,21069.0,25585.3,25292.55,21578.05,3708.00186047
2022-06-14,20032.0,22387.39,21560.21,21191.2,3051.27983547
2022-06-15,19160.0,21772.78,21187.85,21582.92,3960.07620477
2022-06-16,19109.71,21953.43,21571.92,19329.19,1993.01432205
2022-06-17,19188.0,20300.34,19331.93,19484.08,1228.77219888
2022-06-18,16776.3,19776.09,19476.87,18041.77,2449.88695313
2022-06-19,17093.2,19835.79,18061.42,19591.45,1787.90248684
2022-06-20,18696.33,20000.0,19581.4,19542.2,1271.1351925
2022-06-21,19297.79,20553.14,19537.28,19658.62,1289.75226504
2022-06-22,18696.0,19747.34,19658.62,18899.59,1659.7277047
2022-06-23,18805.0,20145.6,18898.57,20044.65,1347.93516256
2022-06-24,19644.4,20400.0,20049.12,20093.91,949.47317933
2022-06-25,19816.12,20455.98,20102.87,20363.08,428.90639799
2022-06-26,19840.66,20736.0,20357.79,19889.86,615.45463137
2022-06-27,19364.1,20335.0,19895.41,19582.37,1005.335612
2022-06-28,19173.04,20027.63,19579.15,19240.11,1318.9917136
2022-06-29,18822.76,19543.3,19237.75,19228.03,1539.17359502
2022-06-30,17764.0,19281.08,19227.37,19035.88,1861.20383282
2022-07-01,18140.08,19918.83,19054.38,18465.98,1711.04057189
2022-07-02,18203.49,18643.95,18461.14,18442.15,596.73953385
2022-07-03,17987.01,18829.4,18446.64,18496.79,605.6560986
2022-07-04,18250.0,19479.25,18486.69,19372.3,978.0185821
2022-07-05,18734.16,20172.37,19369.81,19637.0,1513.22898289
2022-07-06,19235.25,20273.57,19633.47,20167.65,1811.02845595
2022-07-07,19822.57,21486.99,20170.59,21254.99,1132.51240389
2022-07-08,20820.52,22078.68,21259.31,21185.57,1534.03816477
2022-07-09,20936.52,21567.01,21190.83,21200.57,478.13589179
2022-07-10,20268.16,21210.66,21198.57,20493.78,656.02996652
2022-07-11,19780.0,20612.78,20494.6,19860.45,860.23722563
2022-07-12,19167.89,20014.87,19858.85,19262.34,1058.85033422
2022-07-13,18878.0,20236.26,19269.46,20153.29,1845.95908436
2022-07-14,19600.0,20830.0,20154.64,20521.3,1122.9623742
2022-07-15,20323.94,21011.0,20518.58,20655.78,835.47958023
2022-07-16,20303.16,21410.11,20649.88,21023.31,596.96480738
2022-07-17,20563.07,21492.26,21017.22,20597.21,570.37908622
2022-07-18,20567.63,22400.16,20593.38,22123.14,1084.92331144
2022-07-19,21174.56,23269.77,22104.47,22866.46,1495.14543838
2022-07-20,22384.01,23798.0,22869.35,22802.31,1546.69105949
2022-07-21,21955.0,22999.99,22802.31,22646.11,1277.72093859
2022-07-22,22042.92,23273.97,22653.37,22234.85,854.97410082
2022-07-23,21506.44,22544.51,22238.52,21993.31,792.37659593
2022-07-24,21811.44,22530.0,21999.26,22138.87,550.41078633
2022-07-25,20800.0,22228.05,22137.09,20837.58,790.35562575
2022-07-26,20381.1,21027.23,20842.67,20999.84,679.71202301
2022-07-27,20752.56,22637.44,20988.89,22514.97,1187.86353059
2022-07-28,22267.97,23740.0,22506.8,23399.53,1038.74055447
2022-07-29,23040.5,23852.91,23400.08,23248.24,809.04164416
2022-07-30,23012.3,24132.98,23261.29,23142.0,556.19549423
2022-07-31,22750.01,23668.0,23126.22,22808.38,439.83807164
2022-08-01,22296.0,22944.58,22815.77,22675.71,472.31350555
2022-08-02,22134.17,23015.57,22659.64,22636.16,521.00021114
2022-08-03,22341.31,23217.72,22638.4,22481.52,510.54312619
2022-08-04,21880.0,22831.07,22463.7,22078.67,521.85238517
2022-08-05,22060.5,22946.16,22080.66,22896.46,630.35727902
2022-08-06,22515.48,22934.0,22888.0,22553.52,226.49290741
2022-08-07,22444.92,22996.32,22546.59,22790.7,285.79253717
2022-08-08,22779.85,23772.39,22791.25,23362.34,597.68386724
2022-08-09,22354.36,23454.1,23357.44,22682.11,527.58905614
2022-08-10,22218.0,23525.0,22682.11,23267.27,876.8282947
2022-08-11,23125.0,24085.62,23266.52,23203.25,621.17679656
2022-08-12,22939.13,23829.57,23204.9,23784.71,470.43754551
2022-08-13,23679.54,24239.0,23787.7,23846.82,440.79105177
2022-08-14,23564.4,24412.38,23838.1,23715.21,610.32281613
2022-08-15,23349.62,24602.42,23713.79,23720.52,579.22823522
2022-08-16,23254.11,23884.34,23715.22,23457.74,420.13931836
2022-08-17,22784.0,24035.01,23460.94,22932.91,494.81039149
2022-08-18,22869.02,23236.25,22929.42,22988.43,357.67482484
2022-08-19,20699.22,22994.03,22982.96,20745.35,990.42321951
2022-08-20,20677.23,21295.0,20759.14,21063.66,563.59439762
2022-08-21,20998.4,21698.66,21063.01,21441.16,495.45559266
2022-08-22,20892.97,21676.0,21427.35,21533.17,605.51759344
2022-08-23,21063.25,21718.59,21535.53,21599.91,494.97914364
2022-08-24,21256.74,21972.58,21604.08,21438.73,457.55616258
2022-08-25,21360.0,21822.46,21441.87,21622.96,324.44048692
2022-08-26,20168.0,21788.92,21620.16,20325.07,907.62497455
2022-08-27,19893.0,20472.33,20306.68,20123.62,625.62495608
2022-08-28,19642.27,20250.03,20118.77,19678.27,397.77502899
2022-08-29,19668.7,20422.5,19673.83,20266.23,667.02057939
2022-08-30,19507.05,20589.94,20267.91,19775.54,811.68608939
2022-08-31,19766.47,20449.68,19777.81,19976.67,571.72438963
2022-09-01,19682.5,20286.16,19973.03,20231.29,608.14484627
2022-09-02,19838.75,20411.9,20225.07,20046.73,485.14497452
2022-09-03,19756.92,20143.18,20039.13,19918.64,239.11417745
2022-09-04,19685.0,20190.63,19927.54,20181.92,374.07669722
2022-09-05,19788.61,20215.92,20185.16,19908.7,361.97603853
2022-09-06,18851.17,20248.81,19897.29,18990.13,884.49609437
2022-09-07,18755.0,19444.19,18992.15,19297.39,643.47626895
2022-09-08,19080.67,19459.72,19297.37,19307.01,608.72917577
2022-09-09,19229.53,21500.0,19304.91,21262.86,1106.04708283
2022-09-10,21010.66,21693.41,21268.04,21529.96,507.3174225
2022-09-11,21241.0,21747.99,21542.26,21676.14,452.19509395
2022-09-12,21383.32,22222.0,21682.51,22121.63,824.4190119
2022-09-13,19940.0,22451.77,22120.97,20209.74,1627.83691241
2022-09-14,19658.05,20554.3,20199.75,20274.69,882.39689232
2022-09-15,19515.0,20404.45,20274.29,19727.89,575.731503
2022-09-16,19328.71,19945.0,19731.32,19779.7,483.56770344
2022-09-17,19743.72,20161.28,19777.02,20091.49,357.30490735
2022-09-18,19330.15,20087.44,20087.44,19371.69,398.84193111
2022-09-19,18300.0,19626.55,19384.04,19478.07,862.06800129
2022-09-20,18799.0,19556.34,19489.77,18932.24,585.83613674
2022-09-21,18450.0,20200.0,18935.95,18781.76,1139.14266786
2022-09-22,18704.95,19838.48,18777.24,19713.15,739.33844971
2022-09-23,19050.0,20008.69,19713.15,19889.7,520.48827513
2022-09-24,19398.31,19909.9,19893.78,19505.84,271.26088328
2022-09-25,19259.32,19764.04,19511.38,19418.9,319.34008197
2022-09-26,19359.67,20009.99,19417.9,19981.94,743.59659485
2022-09-27,19641.77,21133.67,19984.51,19892.7,986.20460725
2022-09-28,19350.0,20296.15,19891.92,19999.2,657.73138768
2022-09-29,19374.49,20240.31,19998.37,19937.55,471.38295788
2022-09-30,19614.34,20586.0,19948.49,19822.3,510.73737126
2022-10-01,19565.98,19876.56,19812.95,19709.48,175.71169416
2022-10-02,19317.82,19791.62,19698.45,19460.04,386.61778441
2022-10-03,19375.12,20056.69,19456.55,19965.94,402.31838688
2022-10-04,19865.59,20498.0,19970.4,20374.27,493.29395463
2022-10-05,20061.43,20577.31,20372.51,20346.83,385.62751042
2022-10-06,20213.7,20645.21,20337.93,20393.24,404.28750714
2022-10-07,19800.0,20493.35,20378.28,20063.18,353.8193154
2022-10-08,19769.9,20156.38,20060.84,19941.1,122.53353873
2022-10-09,19849.67,20075.47,19932.84,19975.33,100.95875605
2022-10-10,19620.0,20050.07,19963.89,19701.62,254.85565698
2022-10-11,19453.27,19808.56,19686.61,19651.69,260.47177417
2022-10-12,19566.07,19800.0,19645.04,19735.42,216.78358252
2022-10-13,18839.03,19944.01,19737.36,19829.23,736.96399301
2022-10-14,19614.26,20350.24,19837.19,19721.75,427.99061561
2022-10-15,19536.53,19770.78,19732.44,19626.49,89.84273603
2022-10-16,19624.59,19969.6,19624.59,19771.42,92.51258036
2022-10-17,19668.67,20097.77,19775.98,19860.18,341.60870573
2022-10-18,19402.0,19990.32,19863.54,19601.88,239.08051814
2022-10-19,19490.0,19776.87,19603.03,19586.14,248.62974552
2022-10-20,19364.0,19675.52,19579.32,19478.99,350.22183984
2022-10-21,19170.0,19562.01,19470.86,19447.38,375.25748018
2022-10-22,19388.88,19534.4,19445.68,19492.88,82.10183654
2022-10-23,19358.89,19963.0,19491.68,19842.82,237.801859
2022-10-24,19435.95,19881.42,19849.09,19558.76,307.3837504
2022-10-25,19466.39,20479.0,19555.57,20167.69,651.85856642
2022-10-26,20144.96,20965.95,20181.82,20571.12,663.09146699
2022-10-27,20263.76,20771.0,20564.58,20362.46,524.23126577
2022-10-28,20124.81,20884.65,20354.97,20662.5,554.59586608
2022-10-29,20635.18,21140.27,20665.19,20873.77,403.85570164
2022-10-30,20617.45,20999.09,20880.12,20724.85,266.2184547
2022-10-31,20471.11,20970.86,20726.39,20732.79,245.47614547
2022-11-01,20492.83,20834.0,20730.0,20739.87,260.64267048
2022-11-02,20439.0,20912.47,20738.29,20535.35,508.39502302
2022-11-03,20506.22,20843.73,20536.62,20730.13,345.24710244
2022-11-04,20684.56,21429.52,20727.76,21241.75,458.67791569
2022-11-05,21180.19,21562.35,21247.58,21382.08,212.19677397
2022-11-06,21034.92,21446.29,21388.32,21058.94,341.03016493
2022-11-07,20363.09,21211.11,21056.95,20554.67,296.40964964
2022-11-08,17225.0,20638.75,20559.87,18433.32,2070.58650905
2022-11-09,15551.01,18491.68,18423.66,15866.44,2182.19788425
2022-11-10,15731.93,17805.0,15895.77,17242.72,2177.64315097
2022-11-11,15892.0,17335.33,17232.96,16423.43,848.23764389
2022-11-12,16047.29,16474.11,16426.64,16191.52,434.75024888
2022-11-13,15615.14,16320.24,16186.27,15776.48,570.09893794
2022-11-14,15317.46,16625.0,15776.48,16074.0,1159.14207606
2022-11-15,15989.39,16452.72,16074.0,16302.05,646.57280524
2022-11-16,15752.0,16387.17,16305.57,16025.13,509.16910886
2022-11-17,15818.4,16170.0,16033.74,16105.93,395.16880384
2022-11-18,16000.23,16379.2,16102.7,16156.75,252.61004474
2022-11-19,16023.0,16268.29,16156.73,16154.55,151.61380798
2022-11-20,15652.12,16205.29,16154.68,15738.13,305.15339091
2022-11-21,15110.0,15857.37,15731.74,15386.88,809.71411061
2022-11-22,15220.6,15833.55,15381.52,15708.29,423.02229271
2022-11-23,15663.3,16159.0,15716.2,15936.88,412.00089389
2022-11-24,15790.53,16116.84,15913.92,15938.18,252.91541317
2022-11-25,15684.58,15948.77,15932.19,15862.71,365.5995216
2022-11-26,15750.0,16041.73,15861.55,15819.55,200.22162741
2022-11-27,15811.72,15987.67,15821.24,15838.68,215.61661975
2022-11-28,15405.0,15879.22,15833.83,15660.0,503.33890358
2022-11-29,15553.19,15985.0,15660.0,15919.09,245.43785043
2022-11-30,15899.26,16567.11,15919.67,16475.47,451.88744797
2022-12-01,16035.65,16549.98,16470.17,16140.91,334.59760665
2022-12-02,16047.76,16242.27,16139.57,16230.43,252.26915531
2022-12-03,16016.0,16280.0,16230.59,16043.55,128.23393352
2022-12-04,16040.56,16321.75,16040.56,16228.3,191.46711767
2022-12-05,16093.55,16489.0,16227.86,16164.94,338.5641878
2022-12-06,16096.61,16339.0,16164.94,16325.34,245.63386221
2022-12-07,15938.73,16379.0,16322.65,16018.53,236.47252345
2022-12-08,15920.0,16369.13,16022.5,16310.1,196.00465411
2022-12-09,16175.85,16437.52,16312.71,16257.15,225.00615299
2022-12-10,16222.53,16345.0,16254.77,16246.14,52.00321726
2022-12-11,16200.0,16386.69,16246.98,16233.49,144.40400269
2022-12-12,16014.38,16346.45,16233.44,16319.3,265.05599562
2022-12-13,16199.42,17000.0,16323.75,16725.84,467.70613997
2022-12-14,16557.24,17200.0,16725.39,16670.52,629.11496249
2022-12-15,16256.4,16718.84,16670.1,16301.01,340.66619388
2022-12-16,15612.8,16467.69,16297.62,15708.88,590.76614954
2022-12-17,15663.94,15857.58,15704.33,15840.38,148.40045847
2022-12-18,15740.0,15896.0,15842.78,15810.64,116.75744277
2022-12-19,15334.45,15860.65,15815.96,15480.47,352.27695004
2022-12-20,15457.0,16007.0,15480.47,15902.74,373.39671177
2022-12-21,15760.0,15941.45,15900.62,15852.65,185.78195694
2022-12-22,15652.51,15890.8,15851.57,15865.77,188.64363126
2022-12-23,15776.0,15951.0,15866.86,15786.93,220.7032401
2022-12-24,15785.76,15858.06,15785.76,15838.98,40.35741421
2022-12-25,15740.0,15859.76,15834.31,15836.76,104.38091886
2022-12-26,15788.4,15912.44,15838.64,15900.0,163.07924041
2022-12-27,15569.0,15938.3,15900.0,15691.23,155.84983558
2022-12-28,15505.0,15735.63,15690.7,15551.02,172.44591907
2022-12-29,15503.79,15637.62,15554.02,15589.65,203.93136171
2022-12-30,15303.26,15601.86,15590.28,15507.33,240.04568013
2022-12-31,15363.5,15528.16,15507.3,15428.96,180.55068817
2023-01-01,15397.03,15525.61,15428.96,15519.44,139.16661229
2023-01-02,15450.3,15723.53,15517.89,15600.83,365.43706126
2023-01-03,15587.83,15891.08,15600.84,15798.06,249.46332094
2023-01-04,15771.48,16018.09,15796.25,15883.36,283.16132912
2023-01-05,15794.55,16028.82,15890.91,15991.87,172.39809285
2023-01-06,15808.16,16015.47,15992.2,15912.4,216.20945969
2023-01-07,15881.38,15939.79,15912.51,15916.31,54.30962943
2023-01-08,15885.0,16109.2,15916.3,16068.15,101.85059902
2023-01-09,15957.32,16191.02,16073.53,16004.8,338.0230768
2023-01-10,15986.43,16293.0,16011.18,16246.35,243.0960705
2023-01-11,16097.61,16716.0,16248.46,16664.54,264.77347657
2023-01-12,16639.31,17613.01,16673.08,17360.88,837.66158225
2023-01-13,17248.23,18461.0,17367.58,18401.77,519.86366027
2023-01-14,18368.5,19634.02,18396.31,19327.44,571.56066648
2023-01-15,18937.89,19400.0,19333.24,19281.17,257.36210875
2023-01-16,19050.01,19840.01,19274.25,19568.42,690.68845335
2023-01-17,19284.5,19891.95,19569.08,19597.47,377.74598066
2023-01-18,18780.0,19880.0,19594.11,19132.1,441.31598796
2023-01-19,19117.83,19556.42,19135.79,19458.56,449.43254082
2023-01-20,19251.0,20947.55,19457.73,20879.77,417.61530618
2023-01-21,20652.85,21540.66,20871.47,20988.77,463.61856551
2023-01-22,20527.54,21253.53,20987.58,20906.51,297.15508345
2023-01-23,20717.94,21327.56,20913.72,21088.33,299.9074317
2023-01-24,20644.35,21283.98,21088.92,20780.9,415.45814893
2023-01-25,20500.0,21817.46,20779.38,21113.72,386.26456008
2023-01-26,20967.43,21326.79,21121.12,21119.77,257.50318251
2023-01-27,20705.0,21614.44,21128.8,21236.99,320.46200891
2023-01-28,21071.67,21341.18,21235.03,21204.34,68.42171486
2023-01-29,21153.82,22034.98,21204.34,21845.0,317.74278754
2023-01-30,20750.0,21888.71,21845.0,21047.09,468.34233309
2023-01-31,20939.68,21462.0,21043.32,21304.22,232.99599629
2023-02-01,20906.09,21679.0,21310.55,21554.8,403.19470582
2023-02-02,21403.41,22112.0,21555.64,21567.11,451.68653309
2023-02-03,21382.0,21868.0,21556.84,21703.05,290.07149232
2023-02-04,21542.8,21845.01,21689.78,21605.88,98.34182524
2023-02-05,21109.42,21693.94,21597.73,21264.22,194.63439794
2023-02-06,20971.27,21568.48,21263.88,21215.98,264.6791647
2023-02-07,21203.01,21714.29,21214.68,21654.23,271.12167371
2023-02-08,21142.0,21825.63,21653.91,21444.14,172.28751826
2023-02-09,20211.86,21470.9,21440.65,20306.5,490.97342847
2023-02-10,20101.02,20464.68,20296.94,20259.77,243.31381433
2023-02-11,20244.39,20528.53,20257.28,20494.22,90.24930214
2023-02-12,20262.07,20701.03,20497.61,20404.11,281.3200343
2023-02-13,19947.47,20505.25,20409.38,20308.52,331.25849124
2023-02-14,20088.75,20777.0,20308.85,20670.39,487.28850504
2023-02-15,20568.79,22798.85,20680.1,22736.58,649.90000114
2023-02-16,22037.07,23650.0,22737.05,22048.67,633.2012508
2023-02-17,21897.83,23393.49,22045.72,22973.79,582.33837527
2023-02-18,22847.1,23250.0,22967.65,23027.65,109.29671043
2023-02-19,22640.54,23537.36,23019.18,22712.62,242.06453351
2023-02-20,22329.0,23498.8,22712.71,23242.41,303.36858894
2023-02-21,22690.81,23659.3,23247.05,22962.47,335.96954061
2023-02-22,22200.0,22974.02,22959.96,22808.32,515.85640511
2023-02-23,22267.65,23152.82,22818.62,22592.55,391.01212927
2023-02-24,21658.0,22750.0,22607.04,21988.63,561.22291276
2023-02-25,21600.0,22018.76,21983.93,21996.77,164.06490013
2023-02-26,21900.01,22462.92,21995.42,22324.14,182.17356133
2023-02-27,21803.63,22548.98,22327.67,22147.19,425.98191154
2023-02-28,21778.7,22241.52,22148.37,21878.23,402.40854533
2023-03-01,21787.43,22541.01,21885.07,22155.31,446.6029088
2023-03-02,21898.3,22300.0,22152.13,22141.28,284.87816153
2023-03-03,20730.0,22152.72,22150.9,21012.13,763.00815921
2023-03-04,20870.28,21079.18,21010.29,21030.73,57.92306886
2023-03-05,20884.54,21291.09,21015.42,21111.6,158.1620076
2023-03-06,20911.33,21185.13,21107.45,20973.23,291.66345046
2023-03-07,20714.88,21179.51,20976.98,21033.8,370.93771443
2023-03-08,20480.0,21119.0,21030.08,20567.88,323.7718295
2023-03-09,18944.3,20673.4,20573.32,19239.6,636.77227777
2023-03-10,18463.0,19245.77,19245.51,18973.47,1413.87471689
2023-03-11,18649.44,19600.0,18968.89,19251.87,1221.37509008
2023-03-12,19108.27,20687.87,19246.8,20638.47,664.20107027
2023-03-13,20018.2,22736.0,20625.62,22273.3,1030.34007212
2023-03-14,22195.59,24516.05,22265.7,22992.35,1727.14879884
2023-03-15,22611.84,23840.0,23011.4,23004.51,930.57960913
2023-03-16,22828.72,23746.35,22992.52,23599.11,837.89955061
2023-03-17,23489.77,26055.83,23594.31,25677.82,1435.38067936
2023-03-18,24936.81,25986.57,25700.0,25249.93,638.30898394
2023-03-19,25169.88,26654.15,25253.09,26263.76,641.08720064
2023-03-20,25501.0,26794.0,26286.62,25927.76,927.41833253
2023-03-21,25579.09,26462.0,25940.35,26160.57,666.2846705
2023-03-22,24550.0,26822.83,26169.1,25143.74,1305.58321091
2023-03-23,24979.1,26435.46,25133.53,26153.32,840.59938069
2023-03-24,25127.27,26274.76,26162.33,25576.77,798.74104057
2023-03-25,25284.55,25863.88,25571.89,25568.06,258.18445788
2023-03-26,25525.44,26220.95,25564.58,25980.94,287.24736679
2023-03-27,24626.72,26049.74,25982.34,25122.64,569.77097665
2023-03-28,24632.93,25373.49,25125.48,25171.92,511.68030163
2023-03-29,25148.7,26432.7,25167.25,26147.73,591.81544082
2023-03-30,25428.0,26921.59,26154.17,25728.72,746.07350925
2023-03-31,25295.0,26414.14,25728.95,26260.54,550.88370514
2023-04-01,26033.18,26565.8,26265.97,26260.25,191.95660678
2023-04-02,25733.0,26315.52,26260.25,26092.86,349.42181673
2023-04-03,24990.0,26265.0,26084.47,25508.25,763.25428113
2023-04-04,25383.92,26077.83,25500.54,25720.78,555.16936578
2023-04-05,25492.47,26250.0,25719.36,25838.79,525.48995599
2023-04-06,25429.75,25855.0,25840.58,25707.67,288.64513871
2023-04-07,25474.76,25774.85,25697.32,25618.37,188.27594028
2023-04-08,25572.69,25853.88,25612.43,25674.79,129.7398607
2023-04-09,25524.13,26199.98,25676.78,25975.61,254.47018495
2023-04-10,25900.0,27409.21,25983.31,27268.38,470.03012642
2023-04-11,27225.42,28008.98,27269.08,27678.39,474.74305958
2023-04-12,27054.48,27819.62,27678.36,27200.96,590.08317519
2023-04-13,27192.63,27718.23,27208.8,27527.58,407.97574864
2023-04-14,27322.65,28050.09,27527.64,27717.21,698.91932417
2023-04-15,27517.53,27833.95,27715.75,27583.83,157.58156098
2023-04-16,27421.52,27794.43,27580.37,27615.96,175.98059309
2023-04-17,26638.48,27611.72,27608.62,26951.11,408.64395499
2023-04-18,26650.0,27781.86,26949.24,27692.52,410.0454297
2023-04-19,26130.0,27721.95,27686.64,26319.31,1314.25127919
2023-04-20,25550.96,26519.48,26323.24,25767.2,510.37503863
2023-04-21,24682.62,25868.83,25768.69,24795.07,689.63719982
2023-04-22,24691.6,25439.19,24793.93,25376.95,400.99952089
2023-04-23,24921.85,25379.66,25379.66,25109.06,429.9738149
2023-04-24,24432.03,25479.83,25103.64,24889.34,593.51284233
2023-04-25,24649.82,25881.12,24888.02,25796.55,492.61751622
2023-04-26,24695.08,27171.31,25807.32,25751.0,1124.3848519
2023-04-27,25701.84,27125.31,25733.84,26738.6,894.75576029
2023-04-28,26247.77,26851.12,26737.4,26608.11,450.45296191
2023-04-29,26370.64,26721.49,26610.94,26543.59,148.05180496
2023-04-30,26410.3,27176.32,26541.73,26537.65,316.23941272
2023-05-01,25214.39,26650.56,26570.47,25593.34,631.54195787
2023-05-02,25387.83,26271.08,25587.79,26046.28,526.85248368
2023-05-03,25440.99,26442.37,26048.15,26228.85,618.98908928
2023-05-04,25995.78,26594.75,26236.01,26183.28,404.58650718
2023-05-05,26173.82,26948.73,26184.28,26793.83,490.25156131
2023-05-06,25785.45,27069.25,26780.64,26241.13,515.64202897
2023-05-07,25814.74,26483.84,26246.14,25839.72,341.66482026
2023-05-08,24808.21,26013.55,25833.42,25188.42,811.57607074
2023-05-09,24969.25,25423.85,25182.93,25217.41,564.10270769
2023-05-10,24434.0,25820.0,25218.33,25151.29,883.26365184
2023-05-11,24480.45,25259.81,25144.22,24732.48,401.17479086
2023-05-12,23794.07,24817.17,24729.16,24705.09,947.21696821
2023-05-13,24598.5,24956.66,24708.59,24693.56,120.55978563
2023-05-14,24518.6,25085.45,24703.37,24816.56,229.54142671
2023-05-15,24645.37,25440.07,24818.38,24987.07,558.38223502
2023-05-16,24697.7,25104.75,24980.35,24879.41,695.80091244
2023-05-17,24514.36,25357.59,24880.87,25280.59,660.86178478
2023-05-18,24486.62,25409.61,25280.86,24888.95,847.7821674
2023-05-19,24635.28,25117.35,24882.05,24883.83,467.95499277
2023-05-20,24832.27,25128.47,24877.35,25089.43,150.49052342
2023-05-21,24671.81,25242.7,25097.38,24715.0,216.05572592
2023-05-22,24521.5,25048.0,24716.39,24840.11,634.4356785
2023-05-23,24787.63,25426.81,24840.22,25270.53,622.4348038
2023-05-24,24224.1,25279.51,25272.47,24470.16,1016.71237245
2023-05-25,24084.89,24830.0,24474.02,24693.75,750.10069678
2023-05-26,24532.0,25145.73,24697.03,24908.42,743.89506527
2023-05-27,24763.0,25076.47,24919.26,25044.64,163.81555515
2023-05-28,24972.22,26356.0,25049.1,26173.97,637.81991066
2023-05-29,25694.0,26542.02,26177.92,25900.85,1037.57892177
2023-05-30,25696.24,26125.97,25905.18,25810.68,870.5779428
2023-05-31,25179.81,25945.77,25808.77,25456.08,1237.73876095
2023-06-01,24783.65,25585.5,25458.41,24935.25,913.14427017
2023-06-02,24647.92,25502.0,24940.23,25455.96,731.19463014
2023-06-03,25148.49,25532.79,25452.0,25292.33,162.75715164
2023-06-04,25181.58,25645.92,25286.75,25353.62,191.40114024
2023-06-05,23723.21,25379.27,25344.44,24037.92,1302.86159632
2023-06-06,23753.22,25569.97,24031.65,25453.61,927.14753884
2023-06-07,24420.0,25589.15,25453.61,24599.51,626.53289289
2023-06-08,24463.53,24864.96,24591.25,24584.13,528.46783957
2023-06-09,24378.1,24877.62,24582.19,24634.82,485.57224469
2023-06-10,23690.0,24674.79,24634.98,24108.87,1176.61200309
2023-06-11,23915.94,24397.3,24111.39,24129.58,261.42193383
2023-06-12,23869.78,24225.81,24123.25,24070.87,518.24351703
2023-06-13,23821.72,24433.92,24072.61,24029.79,603.01920145
2023-06-14,22907.4,24127.4,24025.07,23164.46,862.61749881
2023-06-15,22782.25,23529.86,23156.13,23364.87,1161.37915545
2023-06-16,23006.28,24212.93,23362.93,24063.49,854.8038215
2023-06-17,23916.38,24500.0,24061.76,24233.64,299.41206191
2023-06-18,24000.0,24393.43,24236.9,24078.73,262.4966824
2023-06-19,24011.82,24769.56,24066.85,24568.79,526.48166018
2023-06-20,24416.5,26007.55,24572.75,25922.32,789.21523605
2023-06-21,25891.74,28050.0,25922.55,27276.06,1235.51113519
2023-06-22,26936.02,27704.37,27261.74,27258.0,568.58470513
2023-06-23,27241.5,28862.89,27258.01,28168.0,871.48696727
2023-06-24,27772.11,28262.53,28160.94,28014.57,252.19255061
2023-06-25,27772.21,28481.0,28022.18,27937.73,222.71491349
2023-06-26,27420.04,28078.0,27933.52,27732.87,502.71485437
2023-06-27,27653.83,28298.13,27740.4,28014.75,607.81873153
2023-06-28,27349.0,28026.45,28026.45,27553.99,572.16136899
2023-06-29,27554.43,28349.63,27563.36,28010.36,534.44588201
2023-06-30,27003.73,28752.28,28012.05,27909.64,1114.3177384
2023-07-01,27776.39,28089.59,27911.2,28028.65,108.12981154
2023-07-02,27630.66,28200.0,28022.56,28053.17,179.13646247
2023-07-03,28030.7,28749.0,28057.13,28540.43,458.27348868
2023-07-04,28132.42,28697.85,28542.4,28270.75,336.54163153
2023-07-05,27711.0,28397.43,28270.43,28091.07,340.93453244
2023-07-06,27412.13,28998.23,28091.41,27469.23,757.45729096
2023-07-07,27295.0,27909.37,27464.35,27688.7,633.44325758
2023-07-08,27411.49,27721.85,27685.14,27635.08,198.12701363
2023-07-09,27418.5,27775.0,27640.98,27511.19,200.62693817
2023-07-10,27338.52,28222.46,27510.81,27631.83,573.51356408
2023-07-11,27593.29,28028.0,27628.6,27809.03,456.469224
2023-07-12,27131.84,28057.45,27812.2,27279.4,723.3540497
2023-07-13,27145.17,28348.94,27272.87,28026.78,1151.54614246
2023-07-14,26640.0,28153.84,28026.69,27052.22,738.22048849
2023-07-15,26987.06,27120.72,27046.52,27029.58,114.53949128
2023-07-16,26833.0,27158.76,27033.02,26955.25,254.60242078
2023-07-17,26400.0,27052.56,26938.51,26826.59,451.39331652
2023-07-18,26345.88,26891.84,26826.99,26614.3,463.22740075
2023-07-19,26590.27,26903.56,26613.76,26707.6,297.75582598
2023-07-20,26578.81,27146.33,26711.79,26777.03,364.02394648
2023-07-21,26708.35,27022.39,26777.92,26885.06,192.17725311
2023-07-22,26650.0,26968.8,26886.97,26795.71,82.16149268
2023-07-23,26742.69,27292.09,26791.6,27051.79,143.08789486
2023-07-24,26069.0,27061.88,27052.86,26388.13,554.97586035
2023-07-25,26249.58,26620.0,26387.59,26452.05,280.47338661
2023-07-26,26324.91,26775.77,26447.88,26498.54,433.32489621
2023-07-27,26417.13,26788.13,26495.9,26597.56,329.67784762
2023-07-28,26490.0,26770.66,26597.96,26597.06,350.7161602
2023-07-29,26535.49,26675.85,26586.09,26640.45,55.65518509
2023-07-30,26340.0,26715.63,26638.45,26552.81,98.44637909
2023-07-31,26467.69,26769.33,26554.56,26562.33,139.55972472
2023-08-01,26058.01,26987.59,26563.25,26960.44,378.13284773
2023-08-02,26409.55,27294.37,26975.25,26647.22,259.53868658
2023-08-03,26503.32,26881.99,26641.99,26639.69,338.57529512
2023-08-04,26150.57,26699.74,26639.21,26416.11,178.29485921
2023-08-05,26312.72,26445.0,26416.64,26411.9,60.00407645
2023-08-06,26325.26,26480.79,26410.87,26395.93,60.0465094
2023-08-07,26080.0,26572.77,26397.76,26513.76,175.77950664
2023-08-08,26496.12,27570.0,26513.97,27144.88,296.2058536
2023-08-09,26742.4,27417.77,27147.59,26922.72,261.72986557
2023-08-10,26633.88,27000.0,26925.2,26796.16,163.25182009
2023-08-11,26668.62,26938.71,26795.62,26848.23,231.31148281
2023-08-12,26808.61,26928.09,26847.88,26886.26,40.66389669
2023-08-13,26736.94,26906.52,26884.85,26753.73,58.73823474
2023-08-14,26592.45,27113.12,26749.23,26947.79,296.62004732
2023-08-15,26621.7,26966.62,26947.17,26741.25,251.07239492
2023-08-16,26374.8,26802.04,26741.25,26383.75,212.12183796
2023-08-17,23113.0,26442.26,26386.66,24513.33,1225.0098432
2023-08-18,23550.02,24700.0,24514.4,23987.95,604.21137149
2023-08-19,23752.45,24219.28,23983.44,24067.31,250.94858348
2023-08-20,23944.53,24210.85,24064.0,24091.06,266.48145095
2023-08-21,23720.0,24096.46,24090.7,23976.24,313.81995753
2023-08-22,23320.0,24024.46,23977.19,24015.52,385.18819748
2023-08-23,23849.15,24681.18,24021.08,24333.87,505.82242585
2023-08-24,23894.97,24462.01,24340.57,24224.72,389.63737616
2023-08-25,23926.53,24261.01,24225.89,24132.0,422.57945111
2023-08-26,24069.08,24192.94,24139.23,24105.67,97.76991396
2023-08-27,24059.87,24253.67,24099.58,24173.83,120.35809851
2023-08-28,23925.0,24261.01,24172.66,24092.71,406.46923698
2023-08-29,23947.96,25955.15,24096.44,25488.48,737.99765033
2023-08-30,24716.3,25529.56,25484.19,24981.85,512.60199941
2023-08-31,23672.33,25363.76,24982.09,23913.76,555.66556146
2023-09-01,23469.0,24110.45,23909.72,23938.64,494.20914774
2023-09-02,23894.69,24117.82,23944.89,24018.19,157.67483748
2023-09-03,23950.0,24238.03,24021.99,24099.76,199.72066869
2023-09-04,23736.24,24182.27,24100.0,23916.39,365.75827581
2023-09-05,23690.0,24153.16,23916.97,24047.35,336.24329723
2023-09-06,23671.03,24269.09,24043.11,24020.42,322.19437467
2023-09-07,23943.3,24713.33,24019.89,24555.27,422.8396963
2023-09-08,23975.37,24691.5,24554.05,24218.24,412.35039756
2023-09-09,24123.31,24255.11,24219.11,24220.65,130.46422968
2023-09-10,23920.0,24296.4,24217.64,24115.34,283.82854455
2023-09-11,23175.0,24155.93,24112.39,23414.48,544.22076573
2023-09-12,23394.57,24731.12,23413.35,24026.86,704.54989573
2023-09-13,23950.0,24586.0,24027.88,24442.67,411.52711515
2023-09-14,24345.55,25236.17,24440.97,24942.81,550.57194931
2023-09-15,24575.72,25216.4,24941.04,24947.64,360.8277517
2023-09-16,24800.0,25099.61,24942.57,24896.82,145.73712789
2023-09-17,24752.0,24944.0,24900.41,24863.57,122.22435616
2023-09-18,24722.92,25717.8,24866.56,25027.79,514.50774721
2023-09-19,24940.63,25732.26,25025.08,25482.07,432.04051223
2023-09-20,25113.08,25634.7,25476.48,25457.86,508.42909736
2023-09-21,24760.89,25531.02,25459.57,24914.62,341.4015864
2023-09-22,24844.18,25116.09,24918.0,25019.11,156.36314622
